production,legacy_red_die,event
2,1,plentiful_year
3,1,conflict
3,2,beautiful_day
4,1,beautiful_day
4,2,robber_flees
4,3,robber_flees
5,1,beautiful_day
5,2,beautiful_day
5,3,tournament
5,4,trade_advantage
6,1,epidemic
6,2,earthquake
6,3,good_neighbors
6,4,beautiful_day
6,5,beautiful_day
7,1,robber_attacks
7,2,robber_attacks
7,3,robber_attacks
7,4,robber_attacks
7,5,robber_attacks
7,6,robber_attacks
8,2,epidemic
8,3,beautiful_day
8,4,beautiful_day
8,5,beautiful_day
8,6,beautiful_day
9,3,beautiful_day
9,4,beautiful_day
9,5,beautiful_day
9,6,calm_seas
10,4,helpful_neighbor
10,5,beautiful_day
10,6,beautiful_day
11,5,helpful_neighbor
11,6,beautiful_day
12,6,calm_seas
